{"Test Accuracy": 84.0, "Test Loss": 0.618685245513916, "Train Loss": 0.23670174602581107, "Train Accuracy": 100.0, "_step": 100, "_runtime": 309, "_timestamp": 1608816328}