{"graph_0": {"_type": "graph-file", "path": "media/graph/graph_0_summary_bd3c923f.graph.json", "sha256": "bd3c923fe06c4e367b8fb58c5157f571614e5585804d3e330742ea94166f1104", "size": 1101}, "Test Accuracy": 16.8306752629793, "Test Loss": 5.380048990249634, "_step": 22, "_runtime": 18, "_timestamp": 1608810195}