{"Test Accuracy": 78.0, "Test Loss": 0.5367733836174011, "Train Loss": 0.19653443465738193, "Train Accuracy": 100.0, "_step": 100, "_runtime": 322, "_timestamp": 1608816906}